First name,Email address,Done,Friends,Pictures,Preferences,Gender,Price,Notes
Leopoldo Schuppe,Dasia18@yahoo.com,checked,,,"Smoke free, Airconditioning",Male,,"Lorem ipsum dolor sit amet, consectetur adipisicing elit, sed do eiusmod tempor incididunt ut labore et dolore magna aliqua. Ut enim ad minim veniam, quis nostrud exercitation ullamco laboris nisi ut aliquip ex ea commodo consequat. Duis aute irure dolor in reprehenderit in voluptate velit esse cillum dolore eu fugiat nulla pariatur. Excepteur sint occaecat cupidatat non proident, sunt in culpa qui officia deserunt mollit anim id est laborum."
Travon Cole,Norval_Bernier@yahoo.com,Yes,"Alana Fritsch,Giuseppe O'Keefe","https://source.unsplash.com/featured/400x360?wanderlust,https://source.unsplash.com/featured/400x360?wanderlust","Television, Smoke free, Television",,3.564944587516572,"Lorem ipsum dolor sit amet, consectetur adipisicing elit, sed do eiusmod tempor incididunt ut labore et dolore magna aliqua. Ut enim ad minim veniam, quis nostrud exercitation ullamco laboris nisi ut aliquip ex ea commodo consequat. Duis aute irure dolor in reprehenderit in voluptate velit esse cillum dolore eu fugiat nulla pariatur. Excepteur sint occaecat cupidatat non proident, sunt in culpa qui officia deserunt mollit anim id est laborum."
Tom Grant,Makenna_Rau62@yahoo.com,,"Idella Corwin,Jaycee Nolan MD,Chase DuBuque,Angelita Schimmel,Lacy Lueilwitz,Consuelo Zemlak,Ambrose Turcotte,Naomi Volkman",,,Male,82,"Lorem ipsum dolor sit amet, consectetur adipisicing elit, sed do eiusmod tempor incididunt ut labore et dolore magna aliqua. Ut enim ad minim veniam, quis nostrud exercitation ullamco laboris nisi ut aliquip ex ea commodo consequat. Duis aute irure dolor in reprehenderit in voluptate velit esse cillum dolore eu fugiat nulla pariatur. Excepteur sint occaecat cupidatat non proident, sunt in culpa qui officia deserunt mollit anim id est laborum."
Makayla Rath,Wilfredo82@yahoo.com,,Guadalupe Russel,https://source.unsplash.com/featured/400x360?beach,"Airconditioning, Airconditioning, Television",Male,,"Lorem ipsum dolor sit amet, consectetur adipisicing elit, sed do eiusmod tempor incididunt ut labore et dolore magna aliqua. Ut enim ad minim veniam, quis nostrud exercitation ullamco laboris nisi ut aliquip ex ea commodo consequat. Duis aute irure dolor in reprehenderit in voluptate velit esse cillum dolore eu fugiat nulla pariatur. Excepteur sint occaecat cupidatat non proident, sunt in culpa qui officia deserunt mollit anim id est laborum."
Stacy Davis,Katarina_Walker41@hotmail.com,Yes,"Leanna Kihn Sr.,Mr. Marcos Gaylord,Gabrielle Daniel,Timmy Dach,Dangelo Jones,Vivian Nikolaus,Mrs. Arturo Mayert,Minerva Prohaska","https://source.unsplash.com/featured/400x360?mountain,https://source.unsplash.com/featured/400x360?water,https://source.unsplash.com/featured/400x360?water,https://source.unsplash.com/featured/400x360?beach",Smoke free,Female,13.772550898940072,"Lorem ipsum dolor sit amet, consectetur adipisicing elit, sed do eiusmod tempor incididunt ut labore et dolore magna aliqua. Ut enim ad minim veniam, quis nostrud exercitation ullamco laboris nisi ut aliquip ex ea commodo consequat. Duis aute irure dolor in reprehenderit in voluptate velit esse cillum dolore eu fugiat nulla pariatur. Excepteur sint occaecat cupidatat non proident, sunt in culpa qui officia deserunt mollit anim id est laborum."
Barry Farrell,Melany65@yahoo.com,checked,"Caterina Lemke,Branson Hudson,Scottie Emmerich,Stephan Corkery,Lesley Powlowski MD,Magali Rodriguez,Micaela Fisher,Deangelo Cartwright","https://source.unsplash.com/featured/400x360?wanderlust,https://source.unsplash.com/featured/400x360?canada,https://source.unsplash.com/featured/400x360?beach,https://source.unsplash.com/featured/400x360?mountain,https://source.unsplash.com/featured/400x360?canada",Airconditioning,,55,"Lorem ipsum dolor sit amet, consectetur adipisicing elit, sed do eiusmod tempor incididunt ut labore et dolore magna aliqua. Ut enim ad minim veniam, quis nostrud exercitation ullamco laboris nisi ut aliquip ex ea commodo consequat. Duis aute irure dolor in reprehenderit in voluptate velit esse cillum dolore eu fugiat nulla pariatur. Excepteur sint occaecat cupidatat non proident, sunt in culpa qui officia deserunt mollit anim id est laborum."
Ryan Romaguera,Mackenzie21@hotmail.com,checked,"Coby Kirlin,Ruthe Kutch DVM,Darrick Schimmel,Bartholome Hermann",https://source.unsplash.com/featured/400x360?beach,"Smoke free, Smoke free",Female,43,"Lorem ipsum dolor sit amet, consectetur adipisicing elit, sed do eiusmod tempor incididunt ut labore et dolore magna aliqua. Ut enim ad minim veniam, quis nostrud exercitation ullamco laboris nisi ut aliquip ex ea commodo consequat. Duis aute irure dolor in reprehenderit in voluptate velit esse cillum dolore eu fugiat nulla pariatur. Excepteur sint occaecat cupidatat non proident, sunt in culpa qui officia deserunt mollit anim id est laborum."
Bethany Hane,Rae_Blanda45@yahoo.com,,"Alexis Cummings,Jason Marks,Norval Schmidt,Mr. Mylene Terry,Marquis Bogisich","https://source.unsplash.com/featured/400x360?canada,https://source.unsplash.com/featured/400x360?canada,https://source.unsplash.com/featured/400x360?wanderlust",,Male,,"Lorem ipsum dolor sit amet, consectetur adipisicing elit, sed do eiusmod tempor incididunt ut labore et dolore magna aliqua. Ut enim ad minim veniam, quis nostrud exercitation ullamco laboris nisi ut aliquip ex ea commodo consequat. Duis aute irure dolor in reprehenderit in voluptate velit esse cillum dolore eu fugiat nulla pariatur. Excepteur sint occaecat cupidatat non proident, sunt in culpa qui officia deserunt mollit anim id est laborum."
Lucinda Hoppe,Dasia32@gmail.com,Yes,"Orpha Mills,Judge Mayert,Madilyn Veum",,,Male,29.424917542051297,"Lorem ipsum dolor sit amet, consectetur adipisicing elit, sed do eiusmod tempor incididunt ut labore et dolore magna aliqua. Ut enim ad minim veniam, quis nostrud exercitation ullamco laboris nisi ut aliquip ex ea commodo consequat. Duis aute irure dolor in reprehenderit in voluptate velit esse cillum dolore eu fugiat nulla pariatur. Excepteur sint occaecat cupidatat non proident, sunt in culpa qui officia deserunt mollit anim id est laborum."
King Ernser,Alta.Cassin@yahoo.com,Yes,Leopoldo Kassulke,"https://source.unsplash.com/featured/400x360?wanderlust,https://source.unsplash.com/featured/400x360?mountain","Television, Television, Smoke free",,16.296239678400724,"Lorem ipsum dolor sit amet, consectetur adipisicing elit, sed do eiusmod tempor incididunt ut labore et dolore magna aliqua. Ut enim ad minim veniam, quis nostrud exercitation ullamco laboris nisi ut aliquip ex ea commodo consequat. Duis aute irure dolor in reprehenderit in voluptate velit esse cillum dolore eu fugiat nulla pariatur. Excepteur sint occaecat cupidatat non proident, sunt in culpa qui officia deserunt mollit anim id est laborum."
Sheldon Vandervort,Jarrett.Wunsch95@hotmail.com,,Randi Weimann MD,,Television,,,"Lorem ipsum dolor sit amet, consectetur adipisicing elit, sed do eiusmod tempor incididunt ut labore et dolore magna aliqua. Ut enim ad minim veniam, quis nostrud exercitation ullamco laboris nisi ut aliquip ex ea commodo consequat. Duis aute irure dolor in reprehenderit in voluptate velit esse cillum dolore eu fugiat nulla pariatur. Excepteur sint occaecat cupidatat non proident, sunt in culpa qui officia deserunt mollit anim id est laborum."
Clifton Nicolas,Burley.Olson37@gmail.com,checked,"Dean Welch,Mrs. Karelle Johns,Lina Mueller,Roxanne Schimmel",,"Airconditioning, Television",Female,49,"Lorem ipsum dolor sit amet, consectetur adipisicing elit, sed do eiusmod tempor incididunt ut labore et dolore magna aliqua. Ut enim ad minim veniam, quis nostrud exercitation ullamco laboris nisi ut aliquip ex ea commodo consequat. Duis aute irure dolor in reprehenderit in voluptate velit esse cillum dolore eu fugiat nulla pariatur. Excepteur sint occaecat cupidatat non proident, sunt in culpa qui officia deserunt mollit anim id est laborum."
Enola Becker,Camden54@gmail.com,,Gerald O'Reilly,,,,,"Lorem ipsum dolor sit amet, consectetur adipisicing elit, sed do eiusmod tempor incididunt ut labore et dolore magna aliqua. Ut enim ad minim veniam, quis nostrud exercitation ullamco laboris nisi ut aliquip ex ea commodo consequat. Duis aute irure dolor in reprehenderit in voluptate velit esse cillum dolore eu fugiat nulla pariatur. Excepteur sint occaecat cupidatat non proident, sunt in culpa qui officia deserunt mollit anim id est laborum."
Johanna Reilly,Madie_Tremblay@yahoo.com,Yes,"Aliza Mohr,Rosemarie Hansen,Israel Kub DVM","https://source.unsplash.com/featured/400x360?canada,https://source.unsplash.com/featured/400x360?wanderlust","Airconditioning, Television, Television",,82.86963222181821,"Lorem ipsum dolor sit amet, consectetur adipisicing elit, sed do eiusmod tempor incididunt ut labore et dolore magna aliqua. Ut enim ad minim veniam, quis nostrud exercitation ullamco laboris nisi ut aliquip ex ea commodo consequat. Duis aute irure dolor in reprehenderit in voluptate velit esse cillum dolore eu fugiat nulla pariatur. Excepteur sint occaecat cupidatat non proident, sunt in culpa qui officia deserunt mollit anim id est laborum."
Dameon Torp V,Lucy_Yundt10@yahoo.com,checked,"Jeff Mosciski,Miss Caleb Towne,Jamal Kuhlman","https://source.unsplash.com/featured/400x360?water,https://source.unsplash.com/featured/400x360?wanderlust,https://source.unsplash.com/featured/400x360?water,https://source.unsplash.com/featured/400x360?mountain,https://source.unsplash.com/featured/400x360?beach","Airconditioning, Television, Television",,,"Lorem ipsum dolor sit amet, consectetur adipisicing elit, sed do eiusmod tempor incididunt ut labore et dolore magna aliqua. Ut enim ad minim veniam, quis nostrud exercitation ullamco laboris nisi ut aliquip ex ea commodo consequat. Duis aute irure dolor in reprehenderit in voluptate velit esse cillum dolore eu fugiat nulla pariatur. Excepteur sint occaecat cupidatat non proident, sunt in culpa qui officia deserunt mollit anim id est laborum."
Royce Cremin,Vida27@yahoo.com,checked,"Avery Mante,Amie Wilkinson,Tremayne Marvin I,Tevin O'Reilly","https://source.unsplash.com/featured/400x360?water,https://source.unsplash.com/featured/400x360?mountain,https://source.unsplash.com/featured/400x360?beach,https://source.unsplash.com/featured/400x360?water",Television,Female,85,"Lorem ipsum dolor sit amet, consectetur adipisicing elit, sed do eiusmod tempor incididunt ut labore et dolore magna aliqua. Ut enim ad minim veniam, quis nostrud exercitation ullamco laboris nisi ut aliquip ex ea commodo consequat. Duis aute irure dolor in reprehenderit in voluptate velit esse cillum dolore eu fugiat nulla pariatur. Excepteur sint occaecat cupidatat non proident, sunt in culpa qui officia deserunt mollit anim id est laborum."
Bernhard Ledner III,Shaniya.Koepp97@yahoo.com,checked,"Violette Ruecker,Ignatius Franecki,Harry Cormier,Guillermo Franecki,Jermey Dach,Mozelle Durgan","https://source.unsplash.com/featured/400x360?wanderlust,https://source.unsplash.com/featured/400x360?canada",Smoke free,Female,6.173374697968992,"Lorem ipsum dolor sit amet, consectetur adipisicing elit, sed do eiusmod tempor incididunt ut labore et dolore magna aliqua. Ut enim ad minim veniam, quis nostrud exercitation ullamco laboris nisi ut aliquip ex ea commodo consequat. Duis aute irure dolor in reprehenderit in voluptate velit esse cillum dolore eu fugiat nulla pariatur. Excepteur sint occaecat cupidatat non proident, sunt in culpa qui officia deserunt mollit anim id est laborum."
Ana Heidenreich,Dameon95@gmail.com,checked,,,Television,Male,,"Lorem ipsum dolor sit amet, consectetur adipisicing elit, sed do eiusmod tempor incididunt ut labore et dolore magna aliqua. Ut enim ad minim veniam, quis nostrud exercitation ullamco laboris nisi ut aliquip ex ea commodo consequat. Duis aute irure dolor in reprehenderit in voluptate velit esse cillum dolore eu fugiat nulla pariatur. Excepteur sint occaecat cupidatat non proident, sunt in culpa qui officia deserunt mollit anim id est laborum."
Brannon Goldner,Sandy66@yahoo.com,checked,"Kiara Hintz,Aida Wolf,Shayna Dietrich,Mandy Boyer","https://source.unsplash.com/featured/400x360?canada,https://source.unsplash.com/featured/400x360?canada,https://source.unsplash.com/featured/400x360?water",Smoke free,Male,82,"Lorem ipsum dolor sit amet, consectetur adipisicing elit, sed do eiusmod tempor incididunt ut labore et dolore magna aliqua. Ut enim ad minim veniam, quis nostrud exercitation ullamco laboris nisi ut aliquip ex ea commodo consequat. Duis aute irure dolor in reprehenderit in voluptate velit esse cillum dolore eu fugiat nulla pariatur. Excepteur sint occaecat cupidatat non proident, sunt in culpa qui officia deserunt mollit anim id est laborum."
Miss Dedrick Anderson,Fabian_Bernhard@hotmail.com,,"Johnpaul Leannon,Orville Kohler,Jack Koch,Mrs. Deshawn Bruen,Deondre Reichert II,Camylle Feeney,Cathrine Bergnaum Sr.,Kade Lesch","https://source.unsplash.com/featured/400x360?beach,https://source.unsplash.com/featured/400x360?wanderlust,https://source.unsplash.com/featured/400x360?water,https://source.unsplash.com/featured/400x360?water,https://source.unsplash.com/featured/400x360?water","Smoke free, Airconditioning, Television",,8.365795869335834,"Lorem ipsum dolor sit amet, consectetur adipisicing elit, sed do eiusmod tempor incididunt ut labore et dolore magna aliqua. Ut enim ad minim veniam, quis nostrud exercitation ullamco laboris nisi ut aliquip ex ea commodo consequat. Duis aute irure dolor in reprehenderit in voluptate velit esse cillum dolore eu fugiat nulla pariatur. Excepteur sint occaecat cupidatat non proident, sunt in culpa qui officia deserunt mollit anim id est laborum."
Hardy Blick,Guiseppe72@gmail.com,Yes,"Ms. Clint Raynor,Mr. Liliane Bruen,Mr. Linnie Bogan,Monica Will,Ms. Bryon Larson,Baron Bernier,Miss Karl Torphy","https://source.unsplash.com/featured/400x360?canada,https://source.unsplash.com/featured/400x360?mountain,https://source.unsplash.com/featured/400x360?wanderlust",,Female,54,"Lorem ipsum dolor sit amet, consectetur adipisicing elit, sed do eiusmod tempor incididunt ut labore et dolore magna aliqua. Ut enim ad minim veniam, quis nostrud exercitation ullamco laboris nisi ut aliquip ex ea commodo consequat. Duis aute irure dolor in reprehenderit in voluptate velit esse cillum dolore eu fugiat nulla pariatur. Excepteur sint occaecat cupidatat non proident, sunt in culpa qui officia deserunt mollit anim id est laborum."
Mireya Hauck,Kelton_McClure99@hotmail.com,Yes,"Marilou Kuhn PhD,Ida Heathcote,Mollie Price,Eryn Ryan","https://source.unsplash.com/featured/400x360?water,https://source.unsplash.com/featured/400x360?canada,https://source.unsplash.com/featured/400x360?canada","Television, Television",Male,,"Lorem ipsum dolor sit amet, consectetur adipisicing elit, sed do eiusmod tempor incididunt ut labore et dolore magna aliqua. Ut enim ad minim veniam, quis nostrud exercitation ullamco laboris nisi ut aliquip ex ea commodo consequat. Duis aute irure dolor in reprehenderit in voluptate velit esse cillum dolore eu fugiat nulla pariatur. Excepteur sint occaecat cupidatat non proident, sunt in culpa qui officia deserunt mollit anim id est laborum."
Rylan Koch,Christina_Mosciski@gmail.com,,"Darryl Schultz,Shany Bashirian,Conner Hoppe","https://source.unsplash.com/featured/400x360?water,https://source.unsplash.com/featured/400x360?beach,https://source.unsplash.com/featured/400x360?mountain","Smoke free, Television, Smoke free",,20.847282559981963,"Lorem ipsum dolor sit amet, consectetur adipisicing elit, sed do eiusmod tempor incididunt ut labore et dolore magna aliqua. Ut enim ad minim veniam, quis nostrud exercitation ullamco laboris nisi ut aliquip ex ea commodo consequat. Duis aute irure dolor in reprehenderit in voluptate velit esse cillum dolore eu fugiat nulla pariatur. Excepteur sint occaecat cupidatat non proident, sunt in culpa qui officia deserunt mollit anim id est laborum."
Dr. Adah Pfannerstill,Chelsey.Lesch@gmail.com,checked,"Bonita Langworth,Miss Darlene Haag,Lennie Aufderhar,Donny Stroman II,Laurianne Lesch,Lonny Fadel DVM,Gregg MacGyver",,"Television, Airconditioning",,19.704882959598624,"Lorem ipsum dolor sit amet, consectetur adipisicing elit, sed do eiusmod tempor incididunt ut labore et dolore magna aliqua. Ut enim ad minim veniam, quis nostrud exercitation ullamco laboris nisi ut aliquip ex ea commodo consequat. Duis aute irure dolor in reprehenderit in voluptate velit esse cillum dolore eu fugiat nulla pariatur. Excepteur sint occaecat cupidatat non proident, sunt in culpa qui officia deserunt mollit anim id est laborum."
Brock Heaney,Pauline.Daniel58@hotmail.com,checked,Ashton Koepp,"https://source.unsplash.com/featured/400x360?canada,https://source.unsplash.com/featured/400x360?canada,https://source.unsplash.com/featured/400x360?beach,https://source.unsplash.com/featured/400x360?canada,https://source.unsplash.com/featured/400x360?canada",Television,Male,,"Lorem ipsum dolor sit amet, consectetur adipisicing elit, sed do eiusmod tempor incididunt ut labore et dolore magna aliqua. Ut enim ad minim veniam, quis nostrud exercitation ullamco laboris nisi ut aliquip ex ea commodo consequat. Duis aute irure dolor in reprehenderit in voluptate velit esse cillum dolore eu fugiat nulla pariatur. Excepteur sint occaecat cupidatat non proident, sunt in culpa qui officia deserunt mollit anim id est laborum."
Demario Aufderhar,Marcia.Gottlieb@gmail.com,checked,,"https://source.unsplash.com/featured/400x360?canada,https://source.unsplash.com/featured/400x360?wanderlust,https://source.unsplash.com/featured/400x360?beach,https://source.unsplash.com/featured/400x360?mountain,https://source.unsplash.com/featured/400x360?mountain","Smoke free, Smoke free, Television",Female,,"Lorem ipsum dolor sit amet, consectetur adipisicing elit, sed do eiusmod tempor incididunt ut labore et dolore magna aliqua. Ut enim ad minim veniam, quis nostrud exercitation ullamco laboris nisi ut aliquip ex ea commodo consequat. Duis aute irure dolor in reprehenderit in voluptate velit esse cillum dolore eu fugiat nulla pariatur. Excepteur sint occaecat cupidatat non proident, sunt in culpa qui officia deserunt mollit anim id est laborum."
Ms. Abdul Ruecker,Eliseo_Quitzon@yahoo.com,,Francesco Glover,"https://source.unsplash.com/featured/400x360?mountain,https://source.unsplash.com/featured/400x360?canada",Television,Female,52.695211038518664,"Lorem ipsum dolor sit amet, consectetur adipisicing elit, sed do eiusmod tempor incididunt ut labore et dolore magna aliqua. Ut enim ad minim veniam, quis nostrud exercitation ullamco laboris nisi ut aliquip ex ea commodo consequat. Duis aute irure dolor in reprehenderit in voluptate velit esse cillum dolore eu fugiat nulla pariatur. Excepteur sint occaecat cupidatat non proident, sunt in culpa qui officia deserunt mollit anim id est laborum."
Juliana Spinka,Mellie_West@gmail.com,Yes,Roscoe Kuhn,"https://source.unsplash.com/featured/400x360?beach,https://source.unsplash.com/featured/400x360?water",Television,,75,"Lorem ipsum dolor sit amet, consectetur adipisicing elit, sed do eiusmod tempor incididunt ut labore et dolore magna aliqua. Ut enim ad minim veniam, quis nostrud exercitation ullamco laboris nisi ut aliquip ex ea commodo consequat. Duis aute irure dolor in reprehenderit in voluptate velit esse cillum dolore eu fugiat nulla pariatur. Excepteur sint occaecat cupidatat non proident, sunt in culpa qui officia deserunt mollit anim id est laborum."
Nina Farrell,Charley_Hand@hotmail.com,,"Kenyatta Daniel,Angel Greenholt,Hollis Erdman,Maximillian Cummings","https://source.unsplash.com/featured/400x360?wanderlust,https://source.unsplash.com/featured/400x360?canada,https://source.unsplash.com/featured/400x360?canada",Television,Female,8,"Lorem ipsum dolor sit amet, consectetur adipisicing elit, sed do eiusmod tempor incididunt ut labore et dolore magna aliqua. Ut enim ad minim veniam, quis nostrud exercitation ullamco laboris nisi ut aliquip ex ea commodo consequat. Duis aute irure dolor in reprehenderit in voluptate velit esse cillum dolore eu fugiat nulla pariatur. Excepteur sint occaecat cupidatat non proident, sunt in culpa qui officia deserunt mollit anim id est laborum."
Gayle McGlynn,Aleen63@hotmail.com,checked,"Hillary Kreiger,Quentin Corkery,Yoshiko Goldner,Loren Hilll,Dante Cummings","https://source.unsplash.com/featured/400x360?water,https://source.unsplash.com/featured/400x360?wanderlust,https://source.unsplash.com/featured/400x360?mountain",,Male,40,"Lorem ipsum dolor sit amet, consectetur adipisicing elit, sed do eiusmod tempor incididunt ut labore et dolore magna aliqua. Ut enim ad minim veniam, quis nostrud exercitation ullamco laboris nisi ut aliquip ex ea commodo consequat. Duis aute irure dolor in reprehenderit in voluptate velit esse cillum dolore eu fugiat nulla pariatur. Excepteur sint occaecat cupidatat non proident, sunt in culpa qui officia deserunt mollit anim id est laborum."
Kellie Parker,Jamir_Schuster38@gmail.com,Yes,"Noemie Feest,Eduardo Hessel,Dustin Davis","https://source.unsplash.com/featured/400x360?mountain,https://source.unsplash.com/featured/400x360?wanderlust,https://source.unsplash.com/featured/400x360?beach,https://source.unsplash.com/featured/400x360?mountain","Airconditioning, Television",,72,"Lorem ipsum dolor sit amet, consectetur adipisicing elit, sed do eiusmod tempor incididunt ut labore et dolore magna aliqua. Ut enim ad minim veniam, quis nostrud exercitation ullamco laboris nisi ut aliquip ex ea commodo consequat. Duis aute irure dolor in reprehenderit in voluptate velit esse cillum dolore eu fugiat nulla pariatur. Excepteur sint occaecat cupidatat non proident, sunt in culpa qui officia deserunt mollit anim id est laborum."
Jena Collins,Gilbert_Durgan7@hotmail.com,,"Ariel Hammes,Abigale Jones,Geovanny Erdman,Mrs. Adam O'Connell,Kristina Frami,Gertrude Marvin,Letha Kovacek","https://source.unsplash.com/featured/400x360?wanderlust,https://source.unsplash.com/featured/400x360?beach,https://source.unsplash.com/featured/400x360?water,https://source.unsplash.com/featured/400x360?wanderlust",,,27,"Lorem ipsum dolor sit amet, consectetur adipisicing elit, sed do eiusmod tempor incididunt ut labore et dolore magna aliqua. Ut enim ad minim veniam, quis nostrud exercitation ullamco laboris nisi ut aliquip ex ea commodo consequat. Duis aute irure dolor in reprehenderit in voluptate velit esse cillum dolore eu fugiat nulla pariatur. Excepteur sint occaecat cupidatat non proident, sunt in culpa qui officia deserunt mollit anim id est laborum."
Haley Hessel,Robert_Gleichner46@hotmail.com,,Casandra Rogahn,"https://source.unsplash.com/featured/400x360?water,https://source.unsplash.com/featured/400x360?mountain,https://source.unsplash.com/featured/400x360?water,https://source.unsplash.com/featured/400x360?beach,https://source.unsplash.com/featured/400x360?canada",,Female,87,"Lorem ipsum dolor sit amet, consectetur adipisicing elit, sed do eiusmod tempor incididunt ut labore et dolore magna aliqua. Ut enim ad minim veniam, quis nostrud exercitation ullamco laboris nisi ut aliquip ex ea commodo consequat. Duis aute irure dolor in reprehenderit in voluptate velit esse cillum dolore eu fugiat nulla pariatur. Excepteur sint occaecat cupidatat non proident, sunt in culpa qui officia deserunt mollit anim id est laborum."
Edd McGlynn,Chaim.Wilderman@hotmail.com,Yes,"Gideon Altenwerth,Glen Wintheiser,Mrs. Kiarra Jast,Naomie Durgan,Kirk Franecki","https://source.unsplash.com/featured/400x360?mountain,https://source.unsplash.com/featured/400x360?mountain,https://source.unsplash.com/featured/400x360?canada","Airconditioning, Television",Female,18.110480278582976,"Lorem ipsum dolor sit amet, consectetur adipisicing elit, sed do eiusmod tempor incididunt ut labore et dolore magna aliqua. Ut enim ad minim veniam, quis nostrud exercitation ullamco laboris nisi ut aliquip ex ea commodo consequat. Duis aute irure dolor in reprehenderit in voluptate velit esse cillum dolore eu fugiat nulla pariatur. Excepteur sint occaecat cupidatat non proident, sunt in culpa qui officia deserunt mollit anim id est laborum."
Therese Carter,Dejah_Pouros@yahoo.com,,"Kendra Mertz,Raphaelle Roob,Rashawn Zboncak,Mrs. Adriana Leuschke,Levi Gutmann","https://source.unsplash.com/featured/400x360?canada,https://source.unsplash.com/featured/400x360?wanderlust,https://source.unsplash.com/featured/400x360?wanderlust","Smoke free, Airconditioning, Airconditioning",Male,7,"Lorem ipsum dolor sit amet, consectetur adipisicing elit, sed do eiusmod tempor incididunt ut labore et dolore magna aliqua. Ut enim ad minim veniam, quis nostrud exercitation ullamco laboris nisi ut aliquip ex ea commodo consequat. Duis aute irure dolor in reprehenderit in voluptate velit esse cillum dolore eu fugiat nulla pariatur. Excepteur sint occaecat cupidatat non proident, sunt in culpa qui officia deserunt mollit anim id est laborum."
Sadie Quitzon,Gisselle_Kreiger@gmail.com,,"Lilliana Skiles,Mr. Jerry Prosacco,Humberto Reinger,Cordelia Tillman,Jovani Grady,Mathias Thompson",,"Television, Smoke free",,83.55525056647046,"Lorem ipsum dolor sit amet, consectetur adipisicing elit, sed do eiusmod tempor incididunt ut labore et dolore magna aliqua. Ut enim ad minim veniam, quis nostrud exercitation ullamco laboris nisi ut aliquip ex ea commodo consequat. Duis aute irure dolor in reprehenderit in voluptate velit esse cillum dolore eu fugiat nulla pariatur. Excepteur sint occaecat cupidatat non proident, sunt in culpa qui officia deserunt mollit anim id est laborum."
Martine Towne,Austyn_Witting@gmail.com,Yes,"Rory Pacocha,Bridget Hodkiewicz Jr.","https://source.unsplash.com/featured/400x360?beach,https://source.unsplash.com/featured/400x360?beach","Airconditioning, Television, Smoke free",,2.3164451302991607,"Lorem ipsum dolor sit amet, consectetur adipisicing elit, sed do eiusmod tempor incididunt ut labore et dolore magna aliqua. Ut enim ad minim veniam, quis nostrud exercitation ullamco laboris nisi ut aliquip ex ea commodo consequat. Duis aute irure dolor in reprehenderit in voluptate velit esse cillum dolore eu fugiat nulla pariatur. Excepteur sint occaecat cupidatat non proident, sunt in culpa qui officia deserunt mollit anim id est laborum."
Laila Lowe,Alfreda_West26@gmail.com,,"Alessandro Kuphal,Helena Gleason,Antwan Bogisich","https://source.unsplash.com/featured/400x360?canada,https://source.unsplash.com/featured/400x360?beach,https://source.unsplash.com/featured/400x360?water","Smoke free, Television, Airconditioning",,79.94374447219523,"Lorem ipsum dolor sit amet, consectetur adipisicing elit, sed do eiusmod tempor incididunt ut labore et dolore magna aliqua. Ut enim ad minim veniam, quis nostrud exercitation ullamco laboris nisi ut aliquip ex ea commodo consequat. Duis aute irure dolor in reprehenderit in voluptate velit esse cillum dolore eu fugiat nulla pariatur. Excepteur sint occaecat cupidatat non proident, sunt in culpa qui officia deserunt mollit anim id est laborum."
Solon Hilpert,Alvina.Kreiger@yahoo.com,checked,"Elinor Howe,Heloise Marquardt,Grace Sawayn,Trycia Harber,Lisa O'Kon,Robert Stroman",,Smoke free,Male,,"Lorem ipsum dolor sit amet, consectetur adipisicing elit, sed do eiusmod tempor incididunt ut labore et dolore magna aliqua. Ut enim ad minim veniam, quis nostrud exercitation ullamco laboris nisi ut aliquip ex ea commodo consequat. Duis aute irure dolor in reprehenderit in voluptate velit esse cillum dolore eu fugiat nulla pariatur. Excepteur sint occaecat cupidatat non proident, sunt in culpa qui officia deserunt mollit anim id est laborum."
Mr. Josiane Becker,Darrel.Rowe@hotmail.com,,"Dr. Lizzie Torphy,Emmanuelle O'Conner,Lisandro Walter DDS,Ms. Henriette Satterfield,Hazel Quigley,Ward O'Hara,Sydni Kub DDS",https://source.unsplash.com/featured/400x360?canada,"Airconditioning, Airconditioning",Female,16.202255696843594,"Lorem ipsum dolor sit amet, consectetur adipisicing elit, sed do eiusmod tempor incididunt ut labore et dolore magna aliqua. Ut enim ad minim veniam, quis nostrud exercitation ullamco laboris nisi ut aliquip ex ea commodo consequat. Duis aute irure dolor in reprehenderit in voluptate velit esse cillum dolore eu fugiat nulla pariatur. Excepteur sint occaecat cupidatat non proident, sunt in culpa qui officia deserunt mollit anim id est laborum."
Modesto Lowe,Lavern54@gmail.com,Yes,"Annamarie Kulas,Sylvan Brown,Raoul Ebert,Addie Herzog,Dr. Leilani Kutch,Markus Bartell","https://source.unsplash.com/featured/400x360?water,https://source.unsplash.com/featured/400x360?mountain,https://source.unsplash.com/featured/400x360?beach",Television,,,"Lorem ipsum dolor sit amet, consectetur adipisicing elit, sed do eiusmod tempor incididunt ut labore et dolore magna aliqua. Ut enim ad minim veniam, quis nostrud exercitation ullamco laboris nisi ut aliquip ex ea commodo consequat. Duis aute irure dolor in reprehenderit in voluptate velit esse cillum dolore eu fugiat nulla pariatur. Excepteur sint occaecat cupidatat non proident, sunt in culpa qui officia deserunt mollit anim id est laborum."
Carlo Jakubowski,Raquel_Hintz@hotmail.com,checked,,https://source.unsplash.com/featured/400x360?beach,"Airconditioning, Smoke free, Airconditioning",Male,38.714374869940535,"Lorem ipsum dolor sit amet, consectetur adipisicing elit, sed do eiusmod tempor incididunt ut labore et dolore magna aliqua. Ut enim ad minim veniam, quis nostrud exercitation ullamco laboris nisi ut aliquip ex ea commodo consequat. Duis aute irure dolor in reprehenderit in voluptate velit esse cillum dolore eu fugiat nulla pariatur. Excepteur sint occaecat cupidatat non proident, sunt in culpa qui officia deserunt mollit anim id est laborum."
Kelli Rempel,Amira57@gmail.com,,"Coralie Waelchi,Vickie Ward","https://source.unsplash.com/featured/400x360?wanderlust,https://source.unsplash.com/featured/400x360?water,https://source.unsplash.com/featured/400x360?wanderlust,https://source.unsplash.com/featured/400x360?water,https://source.unsplash.com/featured/400x360?wanderlust",,Female,12.768088968804058,"Lorem ipsum dolor sit amet, consectetur adipisicing elit, sed do eiusmod tempor incididunt ut labore et dolore magna aliqua. Ut enim ad minim veniam, quis nostrud exercitation ullamco laboris nisi ut aliquip ex ea commodo consequat. Duis aute irure dolor in reprehenderit in voluptate velit esse cillum dolore eu fugiat nulla pariatur. Excepteur sint occaecat cupidatat non proident, sunt in culpa qui officia deserunt mollit anim id est laborum."
Kylie Dietrich,Hal.Beahan@hotmail.com,Yes,"Herminio Krajcik,Reyes Yost",,,Male,11,"Lorem ipsum dolor sit amet, consectetur adipisicing elit, sed do eiusmod tempor incididunt ut labore et dolore magna aliqua. Ut enim ad minim veniam, quis nostrud exercitation ullamco laboris nisi ut aliquip ex ea commodo consequat. Duis aute irure dolor in reprehenderit in voluptate velit esse cillum dolore eu fugiat nulla pariatur. Excepteur sint occaecat cupidatat non proident, sunt in culpa qui officia deserunt mollit anim id est laborum."
Urban Hermiston,Carrie96@gmail.com,checked,"Steve Senger,Gonzalo Cole","https://source.unsplash.com/featured/400x360?wanderlust,https://source.unsplash.com/featured/400x360?mountain",Smoke free,,16.851253717370085,"Lorem ipsum dolor sit amet, consectetur adipisicing elit, sed do eiusmod tempor incididunt ut labore et dolore magna aliqua. Ut enim ad minim veniam, quis nostrud exercitation ullamco laboris nisi ut aliquip ex ea commodo consequat. Duis aute irure dolor in reprehenderit in voluptate velit esse cillum dolore eu fugiat nulla pariatur. Excepteur sint occaecat cupidatat non proident, sunt in culpa qui officia deserunt mollit anim id est laborum."
Emie Ratke,Scotty28@hotmail.com,,"Lexie Strosin PhD,Gabriel Reichert,Antoinette Vandervort I,Brielle King V",https://source.unsplash.com/featured/400x360?water,Smoke free,Female,79,"Lorem ipsum dolor sit amet, consectetur adipisicing elit, sed do eiusmod tempor incididunt ut labore et dolore magna aliqua. Ut enim ad minim veniam, quis nostrud exercitation ullamco laboris nisi ut aliquip ex ea commodo consequat. Duis aute irure dolor in reprehenderit in voluptate velit esse cillum dolore eu fugiat nulla pariatur. Excepteur sint occaecat cupidatat non proident, sunt in culpa qui officia deserunt mollit anim id est laborum."
Harley Schuppe,Clara71@gmail.com,,"Steve Corkery,Charlotte Anderson,Cathy Kuphal,Eino Kovacek,Arlie Brakus III,Jules Herman,Nedra Rice,Parker Connelly","https://source.unsplash.com/featured/400x360?beach,https://source.unsplash.com/featured/400x360?wanderlust,https://source.unsplash.com/featured/400x360?water,https://source.unsplash.com/featured/400x360?water,https://source.unsplash.com/featured/400x360?beach","Television, Airconditioning, Smoke free",,15.122888495204423,"Lorem ipsum dolor sit amet, consectetur adipisicing elit, sed do eiusmod tempor incididunt ut labore et dolore magna aliqua. Ut enim ad minim veniam, quis nostrud exercitation ullamco laboris nisi ut aliquip ex ea commodo consequat. Duis aute irure dolor in reprehenderit in voluptate velit esse cillum dolore eu fugiat nulla pariatur. Excepteur sint occaecat cupidatat non proident, sunt in culpa qui officia deserunt mollit anim id est laborum."
Juana Quitzon,Jordi89@hotmail.com,checked,"Tito Wisoky,Isabel Herzog,Aron Kautzer,Myrtis Fahey V",,Smoke free,Male,79,"Lorem ipsum dolor sit amet, consectetur adipisicing elit, sed do eiusmod tempor incididunt ut labore et dolore magna aliqua. Ut enim ad minim veniam, quis nostrud exercitation ullamco laboris nisi ut aliquip ex ea commodo consequat. Duis aute irure dolor in reprehenderit in voluptate velit esse cillum dolore eu fugiat nulla pariatur. Excepteur sint occaecat cupidatat non proident, sunt in culpa qui officia deserunt mollit anim id est laborum."
Webster Green,Linwood5@gmail.com,,"Mr. Giovanny Green,Tressa Nikolaus,Hester Rutherford,Dr. Jerod Swift,Theresa Nicolas,Gordon Predovic","https://source.unsplash.com/featured/400x360?water,https://source.unsplash.com/featured/400x360?water,https://source.unsplash.com/featured/400x360?beach,https://source.unsplash.com/featured/400x360?wanderlust",,Female,77,"Lorem ipsum dolor sit amet, consectetur adipisicing elit, sed do eiusmod tempor incididunt ut labore et dolore magna aliqua. Ut enim ad minim veniam, quis nostrud exercitation ullamco laboris nisi ut aliquip ex ea commodo consequat. Duis aute irure dolor in reprehenderit in voluptate velit esse cillum dolore eu fugiat nulla pariatur. Excepteur sint occaecat cupidatat non proident, sunt in culpa qui officia deserunt mollit anim id est laborum."
Charley Greenholt,Maybelle81@hotmail.com,checked,"Ursula Dare,Jana Ratke,Gunnar Kub DDS,Josiane Gerhold,Rita Brown,Thea Hodkiewicz,Cory Bogan,Angelo Daniel","https://source.unsplash.com/featured/400x360?canada,https://source.unsplash.com/featured/400x360?mountain","Smoke free, Airconditioning, Smoke free",,,"Lorem ipsum dolor sit amet, consectetur adipisicing elit, sed do eiusmod tempor incididunt ut labore et dolore magna aliqua. Ut enim ad minim veniam, quis nostrud exercitation ullamco laboris nisi ut aliquip ex ea commodo consequat. Duis aute irure dolor in reprehenderit in voluptate velit esse cillum dolore eu fugiat nulla pariatur. Excepteur sint occaecat cupidatat non proident, sunt in culpa qui officia deserunt mollit anim id est laborum."